"","Team.x","Player","Value","Position.x","Age.x.x","Apps.x","Comp.x","TotDist_Total","PrgDist_Total","Cmp_Total","Cmp_percent_Total","Ast","xAG","KP","PrgP","Touches_Touches","Succ_percent_Take_Ons","Carries_Carries","TotDist_Carries","PrgDist_Carries","PrgC_Carries"
"1","Manchester City ","Erling Haaland",1.8e+08,"FW",24,31,"Premier League",3234,567,295,76,5,4.3,29,26,636,40,357,1628,728,35
"2","Manchester City ","Phil Foden",1.5e+08,"FW",24,35,"Premier League",20347,3769,1511,85.5,8,8.4,73,168,2146,46.1,1435,6921,3434,93
"3","Arsenal ","Bukayo Saka",1.4e+08,"FW",22,35,"Premier League",16891,4402,1143,75.6,9,10.5,91,126,1952,40.2,1223,7180,3728,155
"4","Manchester City ","Rodri",1.3e+08,"MF",28,34,"Premier League",57256,15766,3365,92,9,3.9,49,376,3988,65.6,2513,11575,6408,76
"5","Arsenal ","Declan Rice",1.2e+08,"MF",25,38,"Premier League",34242,9378,2041,88.9,8,5.3,47,278,2650,45.7,1675,10194,5139,75
"6","Arsenal ","Martin Ødegaard",1.1e+08,"MF",25,35,"Premier League",25780,7898,1692,84.3,10,9.6,102,344,2326,45.7,1563,8190,3514,91
"7","Manchester City ","Julián Álvarez",9e+07,"FW",24,36,"Premier League",13977,2992,1011,80.4,8,6.4,67,103,1554,47.6,914,4459,2092,64
"8","Newcastle United ","Bruno Guimarães",8.5e+07,"MF",26,37,"Premier League",33351,9336,1941,83.9,8,6.4,62,283,2734,54.5,1842,10297,4241,65
"9","Chelsea ","Cole Palmer",8e+07,"MF",22,34,"Premier League",51,0,4,80,0,0,0,0,6,NA,6,35,4,0
"10","Chelsea ","Cole Palmer",8e+07,"MF",22,34,"Premier League",51,0,4,80,0,0,0,0,1754,50,1148,7236,3492,117
"11","Chelsea ","Cole Palmer",8e+07,"MF",22,34,"Premier League",18622,5642,1121,79.2,11,11.1,72,197,6,NA,6,35,4,0
"12","Chelsea ","Cole Palmer",8e+07,"MF",22,34,"Premier League",18622,5642,1121,79.2,11,11.1,72,197,1754,50,1148,7236,3492,117
"13","Arsenal ","William Saliba",8e+07,"DF",23,38,"Premier League",43599,15948,2635,92.4,1,0.2,6,157,3093,66.7,1992,9002,5201,16
"14","Manchester City ","Rúben Dias",8e+07,"DF",27,30,"Premier League",42764,13568,2469,93.7,0,0.3,7,173,2877,0,1996,10862,6693,34
"15","Manchester City ","Joško Gvardiol",7.5e+07,"DF",22,28,"Premier League",25207,6169,1671,87.1,1,1.4,18,136,2179,57.8,1285,6099,3249,63
"16","Newcastle United ","Alexander Isak",7.5e+07,"FW",24,30,"Premier League",5446,1167,385,78.1,2,3.7,27,71,725,56.8,421,3052,1613,68
"17","Chelsea ","Enzo Fernández",7.5e+07,"MF",23,28,"Premier League",28776,8415,1574,84.5,2,3.4,32,210,2128,52.3,1315,6080,3109,52
"18","Liverpool ","Dominik Szoboszlai",7.5e+07,"MF",23,33,"Premier League",20367,4929,1280,82.6,2,5.8,56,152,1802,42.9,1043,5475,2880,75
"19","Liverpool ","Alexis Mac Allister",7.5e+07,"MF",25,33,"Premier League",26565,7659,1704,86.6,5,3.6,47,209,2313,52.9,1346,5738,3006,44
"20","Liverpool ","Luis Díaz",7.5e+07,"FW",27,37,"Premier League",13772,2931,898,83.5,5,5.7,64,113,1453,47.9,1017,7500,3690,137
"21","Chelsea ","Moisés Caicedo",7.5e+07,"MF",22,35,"Premier League",29696,8181,1907,90,3,2.6,23,173,2452,46.4,1378,5497,2466,27
"22","Manchester City ","Bernardo Silva",7e+07,"MF",30,33,"Premier League",25138,5246,1671,86.3,9,7.6,64,177,2194,62.3,1500,8450,4544,140
"23","Arsenal ","Kai Havertz",7e+07,"MF",25,37,"Premier League",9583,2405,764,80,7,4.4,46,99,1282,38.1,686,3077,1532,55
"24","Arsenal ","Gabriel Martinelli",7e+07,"FW",23,35,"Premier League",11003,2008,724,77.9,4,6.1,46,65,1241,35.1,856,5863,2981,127
"25","Arsenal ","Gabriel Magalhães",7e+07,"DF",26,36,"Premier League",32123,10388,1914,88.7,0,0.7,3,117,2447,40,1447,6001,3455,13
"26","Aston Villa ","Douglas Luiz",7e+07,"MF",26,35,"Premier League",31199,7807,1800,85.7,5,5.4,53,168,2351,51.1,1394,7522,3562,60
"27","Tottenham Hotspur ","James Maddison",7e+07,"MF",27,28,"Premier League",19513,6251,1210,80.7,9,5.9,67,224,1748,39.5,1251,6395,2589,58
"28","Liverpool ","Trent Alexander-Arnold",7e+07,"DF",25,28,"Premier League",30386,12434,1553,75.3,4,7.2,64,205,2296,53.8,1250,5701,2724,45
"29","Liverpool ","Darwin Núñez",7e+07,"FW",25,36,"Premier League",4780,1020,341,69.2,8,6,33,54,777,34.1,468,2694,1279,58
"30","Manchester United ","Bruno Fernandes",7e+07,"MF",29,35,"Premier League",28404,10273,1590,73,8,11.8,114,297,2585,43.2,1367,6155,3408,86
"31","West Ham United ","Lucas Paquetá",6.5e+07,"MF",27,31,"Premier League",16561,5842,1082,73.9,6,5.4,43,187,1845,53.2,1103,4489,1771,34
"32","Aston Villa ","Ollie Watkins",6.5e+07,"FW",28,37,"Premier League",5830,932,459,75.4,13,7.3,45,55,958,41.3,581,3085,1465,62
"33","Tottenham Hotspur ","Cristian Romero",6.5e+07,"DF",26,33,"Premier League",41458,16198,2390,91.7,0,0.4,7,179,2923,62.5,1957,9359,6026,32
"34","Arsenal ","Gabriel Jesus",6.5e+07,"FW",27,27,"Premier League",5315,971,403,78.6,5,3.8,29,42,782,46.7,489,2654,1146,38
"35","Manchester City ","Jeremy Doku",6.5e+07,"FW",22,29,"Premier League",9699,1538,693,81.3,8,4.6,45,57,1161,51.5,879,7535,4884,218
"36","Manchester United ","Rasmus Højlund",6.5e+07,"FW",21,30,"Premier League",3552,884,304,75.6,2,1.6,28,33,612,47.4,355,2082,1088,35
"37","Chelsea ","Christopher Nkunku",6.5e+07,"MF",26,11,"Premier League",2048,567,159,86.9,0,0.2,3,19,244,25,144,606,298,10
"38","Manchester City ","Jack Grealish",6e+07,"FW",28,20,"Premier League",7032,1069,499,86,1,2.5,26,50,697,43.9,522,4025,2080,87
"39","Newcastle United ","Anthony Gordon",6e+07,"FW",23,35,"Premier League",12020,3500,803,76.1,10,8,57,101,1424,40.6,955,7622,3668,138
"40","Manchester United ","Marcus Rashford",6e+07,"FW",26,33,"Premier League",7674,2035,559,75.3,2,2.3,23,65,1025,44,690,4978,2393,95
"41","Arsenal ","Ben White",5.5e+07,"DF",26,37,"Premier League",28002,9801,1828,84,4,3.8,38,192,2456,40.9,1321,4867,2672,44
"42","Crystal Palace ","Eberechi Eze",5.5e+07,"MF",26,27,"Premier League",11150,3226,700,77,4,5.2,54,93,1274,49.3,789,4822,2098,68
"43","Aston Villa ","Moussa Diaby",5.5e+07,"FW",25,38,"Premier League",6960,1348,485,78.4,8,6.6,47,72,824,41.4,568,3926,2013,94
"44","Tottenham Hotspur ","Dejan Kulusevski",5.5e+07,"FW",24,36,"Premier League",13509,3584,953,77.2,3,7.7,66,144,1623,41.9,1169,7680,3856,151
"45","Liverpool ","Mohamed Salah",5.5e+07,"FW",32,32,"Premier League",10826,3213,737,73,10,11.8,66,147,1359,35.1,977,5309,2614,98
"46","Liverpool ","Cody Gakpo",5.5e+07,"FW",25,35,"Premier League",6130,1738,436,77.3,5,2.9,25,83,809,57.4,549,3003,1472,43
"47","Wolverhampton Wanderers ","Pedro Neto",5.5e+07,"FW",24,20,"Premier League",8269,1984,538,74.5,9,4.4,38,54,904,42,581,4915,2615,98
"48","Fulham ","João Palhinha",5.5e+07,"MF",29,33,"Premier League",19131,5348,1098,82.4,1,0.8,13,97,1760,50,802,2836,1054,8
"49","Manchester United ","Kobbie Mainoo",5.5e+07,"MF",19,24,"Premier League",10519,2654,748,86.2,1,0.7,15,64,1094,53.4,667,3152,1447,25
"50","Crystal Palace ","Michael Olise",5.5e+07,"MF",22,19,"Premier League",8557,2634,540,74.9,6,5.8,36,78,959,48.2,563,3979,2210,68
"51","Manchester City ","Kevin De Bruyne",5e+07,"MF",33,18,"Premier League",11555,3364,732,75.4,10,11.5,59,111,1103,30.3,633,2916,1647,47
"52","West Ham United ","Jarrod Bowen",5e+07,"FW",27,34,"Premier League",6899,1825,484,68.9,6,5.5,31,52,1094,35.1,666,4859,2141,90
"53","PSG","Kylian Mbappé",1.7e+08,"FW",25,NA,"Ligue 1",12061,2391,801,83,7,5.7,40,122,1264,45.9,1148,6741,3207,114
"54","PSG","Achraf Hakimi",6.5e+07,"DF",25,NA,"Ligue 1",25356,8074,1712,86.5,5,5.2,43,218,2217,47.4,1762,9215,4942,84
"55","PSG","Warren Zaïre-Emery",6e+07,"MF",18,NA,"Ligue 1",19542,4001,1311,91.8,3,3.2,21,116,1642,41,1332,7036,3098,54
"56","Lille","Jonathan David",5e+07,"FW",24,NA,"Ligue 1",7433,1592,537,82,4,3.3,32,79,908,38.5,712,3779,1494,47
"57","PSG","Lucas Hernández",4.5e+07,"DF",28,NA,"Ligue 1",28845,9121,1670,89.8,1,1.6,12,156,2041,56.3,1583,7311,3507,30
"58","PSG","Vitinha",4.5e+07,"MF",24,NA,"Ligue 1",27065,6716,1659,89.7,4,3.1,37,182,2094,61.5,1705,8354,3462,41
"59","PSG","Vitinha",4.5e+07,"MF",24,NA,"Ligue 1",27065,6716,1659,89.7,4,3.1,37,182,366,50,263,1653,543,15
"60","PSG","Vitinha",4.5e+07,"MF",24,NA,"Ligue 1",2217,594,159,73.3,2,2.9,18,23,2094,61.5,1705,8354,3462,41
"61","PSG","Vitinha",4.5e+07,"MF",24,NA,"Ligue 1",2217,594,159,73.3,2,2.9,18,23,366,50,263,1653,543,15
"62","Lille","Leny Yoro",4e+07,"DF",18,NA,"Ligue 1",31353,9753,1731,92.1,0,0.1,2,68,2118,72.7,1639,8150,4082,8
"63","PSG","Gianluigi Donnarumma",4e+07,"GK",25,NA,"Ligue 1",14587,8096,686,88.7,0,0,0,0,842,100,622,2547,1432,0
"64","PSG","Milan Škriniar",4e+07,"DF",29,NA,"Ligue 1",32486,9850,1735,95.3,0,0.1,1,61,1959,66.7,1630,7441,3525,5
"65","Nice","Jean-Clair Todibo",3.5e+07,"DF",24,NA,"Ligue 1",38405,14380,2228,89.6,2,1.6,9,150,2779,59.3,2247,11972,6410,32
"66","Nice","Khéphren Thuram",3.5e+07,"MF",23,NA,"Ligue 1",15397,3692,978,86.2,1,3.7,31,104,1397,56.5,1120,6993,3321,67
"67","Nice","Terem Moffi",2.5e+07,"FW",24,NA,"Ligue 1",3694,554,274,70.8,2,3.2,22,27,572,57.6,402,2418,995,24
"68","Lille","Lucas Chevalier",2.2e+07,"GK",22,NA,"Ligue 1",21421,14432,914,77.1,0,0.1,2,2,1255,NA,931,4958,2712,0
"69","Lille","Angel Gomes",2.2e+07,"MF",23,NA,"Ligue 1",27874,7062,1566,89.4,8,6.2,48,204,1940,62.9,1644,8464,3733,49
"70","PSG","Lee Kang-in",2.2e+07,"MF",23,NA,"Ligue 1",12568,3151,835,82.6,4,2.3,27,103,1149,51,904,4962,2178,50
"71","Lille","Carlos Baleba",2e+07,"MF",20,NA,"Ligue 1",627,100,39,86.7,0,0,0,3,59,NA,43,203,69,1
"72","Olympique Marseille","Renan Lodi",2e+07,"DF",26,NA,"Ligue 1",9900,2568,579,77.4,0,1.3,14,51,874,25,575,3148,1376,25
"73","Nice","Youssouf Ndayishimiye",1.8e+07,"MF",25,NA,"Ligue 1",19183,5129,1223,89.9,0,0.5,11,96,1516,73.3,1178,5913,2546,16
"74","Olympique Marseille","Iliman Ndiaye",1.8e+07,"MF",24,NA,"Ligue 1",6725,1493,465,82.7,3,2.6,22,62,771,55.7,611,4042,1500,51
"75","Nice","Gaëtan Laborde",1.5e+07,"FW",30,NA,"Ligue 1",5696,1386,366,65.6,2,1.8,27,46,780,34,559,2788,1068,33
"76","Nice","Jeremie Boga",1.5e+07,"MF",27,NA,"Ligue 1",8887,2093,583,77.4,6,4.2,33,64,976,55.8,743,6320,3369,107
"77","Nice","Sofiane Diop",1.5e+07,"FW",23,NA,"Ligue 1",2076,491,143,81.3,0,0.8,8,17,249,27.3,190,1329,589,20
"78","Lille","Bafodé Diakité",1.5e+07,"DF",24,NA,"Ligue 1",20793,7113,1206,92,2,1.4,13,95,1464,62.5,1127,5724,2977,15
"79","Lille","Edon Zhegrova",1.5e+07,"FW",25,NA,"Ligue 1",12061,3392,764,73.3,6,6.2,46,90,1387,51.7,1013,7820,3825,110
"80","Olympique Marseille","Jonathan Clauss",1.5e+07,"DF",31,NA,"Ligue 1",19885,6946,1153,75.6,4,4.6,46,137,1768,54.3,1150,6152,2812,59
"81","Olympique Marseille","Chancel Mbemba",1.5e+07,"DF",29,NA,"Ligue 1",24175,8626,1222,87.4,2,1,7,131,1631,63.6,1221,6994,4035,16
"82","Olympique Marseille","Geoffrey Kondogbia",1.5e+07,"MF",31,NA,"Ligue 1",14691,4488,832,87.4,0,0.5,11,93,1119,69.2,859,3975,1544,7
"83","Olympique Marseille","Valentin Rongier",1.5e+07,"MF",29,NA,"Ligue 1",9308,2852,504,87.3,0,0.8,9,73,685,50,511,2879,1333,19
"84","Olympique Marseille","Jordan Veretout",1.5e+07,"MF",31,NA,"Ligue 1",19875,6368,1049,78.2,2,5,48,194,1516,42.9,1120,6502,2741,53
"85","Olympique Marseille","Amine Harit",1.5e+07,"MF",26,NA,"Ligue 1",12457,3325,815,84.4,2,3.7,39,127,1184,52,969,6200,2888,84
"86","Rennes","Azor Matusiwa",1.3e+07,"MF",26,NA,"Ligue 1",11790,3104,650,86.7,0,0.7,15,78,929,69.2,617,3259,1296,12
"87","Rennes","Azor Matusiwa",1.3e+07,"MF",26,NA,"Ligue 1",11790,3104,650,86.7,0,0.7,15,78,530,50,392,1999,800,3
"88","Rennes","Azor Matusiwa",1.3e+07,"MF",26,NA,"Ligue 1",7072,2381,398,87.7,1,0.4,10,64,929,69.2,617,3259,1296,12
"89","Rennes","Azor Matusiwa",1.3e+07,"MF",26,NA,"Ligue 1",7072,2381,398,87.7,1,0.4,10,64,530,50,392,1999,800,3
"90","Nice","Melvin Bard",1.2e+07,"DF",23,NA,"Ligue 1",23609,6956,1457,81.7,2,2.8,18,111,2106,50.7,1447,8425,3915,60
"91","Olympique Marseille","Azzedine Ounahi",1.2e+07,"MF",24,NA,"Ligue 1",11181,3153,722,88.4,0,1.4,15,98,959,29.6,807,4646,1963,32
"92","Reims","Marshall Munetsi",1.2e+07,"MF",27,NA,"Ligue 1",6066,1820,380,70.1,3,1,12,67,836,30.3,487,2475,935,19
"93","Lille","Yusuf Yazıcı",1e+07,"MF",27,NA,"Ligue 1",5416,1323,377,77.1,2,1.9,18,48,636,43.3,499,2769,1274,31
"94","Olympique Marseille","Pau López",1e+07,"GK",29,NA,"Ligue 1",21981,14438,924,77.3,0,0.5,2,0,1258,NA,946,5033,3149,0
"95","Reims","Yehvann Diouf",1e+07,"GK",24,NA,"Ligue 1",25982,16947,1020,78.4,0,0,0,3,1372,100,1061,4997,2703,0
"96","Reims","Junya Ito",1e+07,"FW",31,NA,"Ligue 1",12890,5184,741,65.5,7,11.5,80,139,1428,50,1069,7115,3389,123
"97","Reims","Keito Nakamura",1e+07,"FW",23,NA,"Ligue 1",4714,1083,292,73,1,1.3,14,56,570,59.4,424,2780,1412,48
"98","Nice","Hicham Boudaoui",9e+06,"MF",24,NA,"Ligue 1",9088,2370,601,83.8,0,1.8,21,78,909,51.2,700,3868,1641,28
"99","Olympique Marseille","Samuel Gigot",9e+06,"DF",30,NA,"Ligue 1",14333,4728,846,87.8,0,0.9,7,54,1189,60,776,4259,2453,10
"100","Reims","Joseph Okumu",9e+06,"DF",26,NA,"Ligue 1",24636,8011,1062,82.1,0,0,0,94,1542,70,1147,6845,3561,15
"101","PSG","Danilo Pereira",9e+06,"MF",32,NA,"Ligue 1",40180,13453,2089,94,0,0,0,148,2430,60,2016,10737,6336,28
"102","Nice","Jordan Lotomba",8e+06,"DF",25,NA,"Ligue 1",11866,3883,834,83.9,0,1.1,12,52,1169,45.2,767,4640,2071,36
"103","Nice","Evann Guessand",8e+06,"FW",22,NA,"Ligue 1",2999,623,218,74.1,0,1.4,15,34,565,37.5,411,3021,1104,40
"104","Lille","Tiago Santos",8e+06,"DF",21,NA,"Ligue 1",18957,4850,1113,79.7,2,2.3,27,105,1715,51.4,1167,7938,3810,89
"105","Bayern München ","Jamal Musiala",1.4e+08,"MF",21,NA,"Bundesliga",8325,1957,621,80.4,5,6,42,100,1090,56.5,736,4982,2825,103
"106","Bayer Leverkusen ","Florian Wirtz",1.4e+08,"MF",21,NA,"Bundesliga",20304,5621,1540,83,11,7.5,73,224,2252,48.8,1384,7896,4152,138
"107","Bayern München ","Harry Kane",9e+07,"FW",31,NA,"Bundesliga",8936,2715,474,71.4,8,6.4,31,102,995,40.7,634,3098,1287,36
"108","RB Leipzig ","Xavi Simons",8e+07,"MF",21,NA,"Bundesliga",17935,4994,1137,79.3,11,9.8,79,187,1817,52.5,1213,8332,4654,151
"109","RB Leipzig ","Dani Olmo",6e+07,"MF",26,NA,"Bundesliga",8589,2309,511,77.8,5,5.4,32,68,854,43.1,544,3571,1925,60
"110","Eintracht Frankfurt ","Omar Marmoush",6e+07,"FW",25,NA,"Bundesliga",6183,1361,407,70.9,6,4.4,40,60,940,34.8,647,4713,2153,88
"111","Bayern München ","Ryan Gravenberch",5.5e+07,"MF",22,NA,"Bundesliga",83,25,5,71.4,0,0.2,2,1,7,100,3,16,9,0
"112","Bayern München ","Dayot Upamecano",5e+07,"DF",26,NA,"Bundesliga",32907,9994,1678,92.6,0,0.5,6,137,1981,60,1350,7520,4558,28
"113","Bayern München ","Alphonso Davies",5e+07,"DF",24,NA,"Bundesliga",20701,5332,1440,87.7,5,2.9,37,117,1934,57.4,1225,7683,4482,121
"114","Bayern München ","Joshua Kimmich",5e+07,"DF",29,NA,"Bundesliga",35635,10089,1951,86.1,6,7.1,72,229,2453,40,1478,8366,3739,56
"115","Bayer Leverkusen ","Jeremie Frimpong",5e+07,"MF",23,NA,"Bundesliga",10923,2301,797,77.7,7,5.9,45,49,1329,45.3,824,6275,3756,153
"116","RB Leipzig ","Castello Lukeba",5e+07,"DF",21,NA,"Bundesliga",30847,11113,1726,91.6,0,0.1,4,107,2114,54.8,1446,6629,3477,23
"117","RB Leipzig ","Benjamin Šeško",5e+07,"FW",21,NA,"Bundesliga",2541,538,215,65.2,2,1.1,12,22,528,48.6,273,1321,581,21
"118","Bayern München ","Leroy Sané",4.5e+07,"FW",28,NA,"Bundesliga",12860,3036,878,80,11,10.8,72,113,1398,55.7,936,7599,4060,121
"119","Bayern München ","Matthijs de Ligt",4.5e+07,"DF",25,NA,"Bundesliga",21822,7091,1120,93.9,0,0.1,3,98,1330,100,851,4373,2423,16
"120","Bayer Leverkusen ","Victor Boniface",4.5e+07,"FW",23,NA,"Bundesliga",3892,732,278,72.2,8,3.7,22,34,646,49.5,389,2221,1110,50
"121","Stuttgart ","Enzo Millot",4.2e+07,"MF",22,NA,"Bundesliga",17707,4172,1238,85,4,3.9,33,127,1734,52.3,972,4825,1867,46
"122","Bayer Leverkusen ","Álex Grimaldo",4e+07,"DF",29,NA,"Bundesliga",24881,6698,1762,82,13,9.1,78,162,2465,41.7,1346,6006,3113,77
"123","Bayer Leverkusen ","Edmond Tapsoba",4e+07,"DF",25,NA,"Bundesliga",29578,12526,1795,91,1,1,9,164,2156,76.5,1495,8947,5271,49
"124","Bayer Leverkusen ","Exequiel Palacios",4e+07,"MF",26,NA,"Bundesliga",26250,8146,1856,91.7,4,3.8,27,162,2222,88.5,1296,4722,2297,24
"125","Borussia Dortmund ","Gregor Kobel",4e+07,"GK",26,NA,"Bundesliga",24299,15016,974,82.9,0,0,0,0,1239,100,746,3692,1728,0
"126","Borussia Dortmund ","Nico Schlotterbeck",4e+07,"DF",24,NA,"Bundesliga",46631,16883,2381,88.8,1,1.9,16,186,3024,47.1,1883,9985,6376,55
"127","Eintracht Frankfurt ","Willian Pacho",4e+07,"DF",23,NA,"Bundesliga",35292,13419,1930,84.4,3,1.1,6,148,2663,85.7,1637,7792,3873,22
"128","Bayer Leverkusen ","Piero Hincapié",4e+07,"DF",22,NA,"Bundesliga",19443,6533,1307,91.1,2,0.5,6,102,1597,16.7,994,5078,3063,34
"129","Eintracht Frankfurt ","Hugo Ekitike",4e+07,"FW",22,NA,"Bundesliga",1934,348,131,67.9,2,1.7,12,9,311,46.2,190,1040,500,16
"130","Bayern München ","Kingsley Coman",3.5e+07,"FW",28,NA,"Bundesliga",8358,1597,528,81.6,3,3.8,29,72,802,43.3,560,4124,2204,75
"131","Borussia Dortmund ","Julian Brandt",3.5e+07,"MF",28,NA,"Bundesliga",17725,4294,1054,79.9,11,9.5,80,116,1547,40.3,883,5427,2220,74
"132","Borussia Dortmund ","Karim Adeyemi",3.5e+07,"FW",22,NA,"Bundesliga",2929,719,218,72.9,1,2,9,26,458,30,310,2413,1171,52
"133","Eintracht Frankfurt ","Hugo Larsson",3.5e+07,"MF",20,NA,"Bundesliga",13897,3346,835,86.5,1,1.4,10,68,1175,36.8,654,2937,1185,26
"134","Bayern München ","Serge Gnabry",3.5e+07,"FW",29,NA,"Bundesliga",2540,485,180,84.1,1,1.2,9,23,272,50,152,1082,577,23
"135","Bayern München ","Noussair Mazraoui",3.2e+07,"DF",26,NA,"Bundesliga",12528,4216,865,88.3,3,1.8,15,103,1126,50,639,2894,1600,34
"136","Stuttgart ","Angelo Stiller",3.2e+07,"MF",23,NA,"Bundesliga",37536,11544,2346,89,5,5.1,51,220,2874,68,1523,5831,2774,37
"137","Stuttgart ","Angelo Stiller",3.2e+07,"MF",23,NA,"Bundesliga",37536,11544,2346,89,5,5.1,51,220,50,NA,28,129,40,2
"138","Stuttgart ","Angelo Stiller",3.2e+07,"MF",23,NA,"Bundesliga",683,273,36,83.7,0,0,1,7,2874,68,1523,5831,2774,37
"139","Stuttgart ","Angelo Stiller",3.2e+07,"MF",23,NA,"Bundesliga",683,273,36,83.7,0,0,1,7,50,NA,28,129,40,2
"140","Borussia Dortmund ","Ian Maatsen",3.2e+07,"DF",22,NA,"Bundesliga",14738,4217,928,87.5,2,1.4,8,80,1216,56.5,738,4424,2362,41
"141","Bayern München ","Mathys Tel",3e+07,"FW",19,NA,"Bundesliga",5395,862,340,82.9,5,2.3,12,27,589,55.2,415,3352,1376,45
"142","Bayer Leverkusen ","Jonathan Tah",3e+07,"DF",28,NA,"Bundesliga",32998,13638,2070,94.4,1,0.3,5,133,2434,55.6,1557,8072,4568,17
"143","Hoffenheim ","Maximilian Beier",3e+07,"FW",22,NA,"Bundesliga",4753,790,384,69.8,1,2.4,24,30,872,37.9,547,2949,1373,61
"144","Stuttgart ","Hiroki Ito",3e+07,"DF",25,NA,"Bundesliga",30156,11234,1833,88.7,2,2,19,121,2274,63.6,1259,5476,2647,29
"145","Eintracht Frankfurt ","Randal Kolo Muani",3e+07,"FW",25,NA,"Bundesliga",227,67,17,65.4,0,0,0,3,56,26.7,42,336,180,6
"146","Borussia Dortmund ","Jadon Sancho",3e+07,"FW",24,NA,"Bundesliga",5598,1668,414,80.9,2,3,25,62,622,51.4,445,3182,1821,61
"147","RB Leipzig ","Mohamed Simakan",2.8e+07,"DF",24,NA,"Bundesliga",23904,8042,1347,85.6,3,3.3,15,106,1852,54.5,1132,5202,2747,34
"148","RB Leipzig ","Xaver Schlager",2.8e+07,"MF",27,NA,"Bundesliga",26312,7551,1587,88.3,5,2.6,27,230,2060,59.4,1302,7183,4443,73
"149","Augsburg ","Ermedin Demirović",2.8e+07,"FW",26,NA,"Bundesliga",4996,1174,371,64.6,9,3.9,33,60,937,44.6,482,2426,890,28
"150","Borussia Dortmund ","Donyell Malen",2.8e+07,"FW",25,NA,"Bundesliga",5627,1551,410,75.1,1,3,22,57,799,44.2,559,3937,1957,73
"151","Borussia Dortmund ","Felix Nmecha",2.8e+07,"MF",24,NA,"Bundesliga",6003,1450,382,83.6,2,0.9,14,45,598,47.4,340,2055,920,19
"152","Real Madrid ","Jude Bellingham",1.8e+08,"MF",21,28,"La Liga",19609,4025,1363,88.3,6,5.3,48,196,1897,51.5,1235,6812,3434,85
"153","FC Barcelona ","Lamine Yamal",1.8e+08,"FW",17,37,"La Liga",12868,3009,903,79.8,5,6.2,38,80,1475,43.8,1023,6622,3889,123
"154","Real Madrid ","Federico Valverde",1.3e+08,"MF",26,37,"La Liga",29049,7780,1901,89.8,7,5.8,49,231,2448,50,1610,9227,5027,104
"155","Real Madrid ","Rodrygo",1e+08,"FW",23,34,"La Liga",10417,1882,883,87.7,5,4,46,90,1352,40.8,1002,7409,4344,159
"156","FC Barcelona ","Pedri",1e+08,"MF",21,24,"La Liga",17171,3933,1035,87,2,4.2,37,136,1359,42.1,823,4535,2333,41
"157","Real Madrid ","Aurélien Tchouaméni",8e+07,"MF",24,27,"La Liga",22672,7487,1377,90.6,1,0.9,11,111,1722,46.2,1152,6365,3569,28
"158","Real Madrid ","Eduardo Camavinga",8e+07,"MF",22,31,"La Liga",19473,4856,1205,90.7,2,1.4,20,106,1605,52.2,1011,5798,3129,49
"159","FC Barcelona ","Raphinha",8e+07,"FW",28,28,"La Liga",8785,2397,522,75.3,9,5.7,41,57,894,52.2,495,2884,1418,49
"160","FC Barcelona ","Gavi",8e+07,"MF",20,12,"La Liga",7119,1400,489,90.4,1,1.1,11,39,678,54.5,424,2231,1170,26
"161","Athletic Club Bilbao ","Nico Williams",7e+07,"FW",22,31,"La Liga",9035,2545,579,69.9,11,5.7,47,66,1203,44.6,800,6467,3736,143
"162","FC Barcelona ","Pau Cubarsí",7e+07,"DF",17,19,"La Liga",25525,8442,1360,91.5,0,0.4,5,75,1629,75,1076,5220,2658,8
"163","Real Sociedad ","Martín Zubimendi",6e+07,"MF",25,31,"La Liga",22165,6269,1321,85.7,1,1.5,16,152,1793,66.7,942,5305,2671,34
"164","FC Barcelona ","Jules Koundé",6e+07,"DF",26,35,"La Liga",41514,13135,2478,89.9,2,2.2,23,245,3041,42.1,1910,9350,5961,67
"165","Girona FC ","Sávio",5.5e+07,"FW",20,37,"La Liga",11860,2710,812,76.3,10,7.9,52,93,1490,44.1,1096,9821,5124,181
"166","FC Barcelona ","Ronald Araújo",5.5e+07,"DF",25,25,"La Liga",27691,10325,1458,88.8,2,1.4,8,101,1811,72.7,1177,6282,3750,24
"167","Athletic Club Bilbao ","Oihan Sancet",5e+07,"MF",24,30,"La Liga",9165,2212,641,79.9,5,4.7,42,121,1058,46.4,694,4286,2121,76
"168","FC Barcelona ","Alejandro Balde",5e+07,"DF",21,18,"La Liga",9879,2231,694,84.9,1,1.2,13,41,979,37.7,567,3770,2213,73
"169","Atlético Madrid ","Pablo Barrios",5e+07,"MF",21,24,"La Liga",11531,3536,728,83.4,1,1.9,16,98,1085,74.5,660,3667,1661,37
"170","Deportivo Alavés ","Samu Omorodion",5e+07,"FW",20,35,"La Liga",3200,468,232,72,1,1.3,16,18,600,38.6,344,1689,668,30
"171","Deportivo Alavés ","Samu Omorodion",5e+07,"FW",20,35,"La Liga",3200,468,232,72,1,1.3,16,18,24,NA,14,50,7,0
"172","Deportivo Alavés ","Samu Omorodion",5e+07,"FW",20,35,"La Liga",178,6,10,66.7,0,0,2,0,600,38.6,344,1689,668,30
"173","Deportivo Alavés ","Samu Omorodion",5e+07,"FW",20,35,"La Liga",178,6,10,66.7,0,0,2,0,24,NA,14,50,7,0
"174","FC Barcelona ","Frenkie de Jong",4.5e+07,"MF",27,20,"La Liga",23581,7114,1542,92.1,0,2.2,21,168,1840,54.2,1207,7284,4346,69
"175","Real Sociedad ","Mikel Merino",4.5e+07,"MF",28,32,"La Liga",17048,4802,1076,76.2,3,1.9,20,163,1759,58.5,892,3946,1722,26
"176","Valencia CF ","Giorgi Mamardashvili",4e+07,"GK",24,37,"La Liga",18905,15286,589,53,0,0.4,2,0,1216,NA,613,3426,1932,0
"177","Real Sociedad ","Robin Le Normand",4e+07,"DF",28,29,"La Liga",31232,8514,1562,88.5,0,0.1,3,106,1996,100,1242,7060,4021,21
"178","Real Sociedad ","Takefusa Kubo",4e+07,"FW",23,30,"La Liga",9540,2892,611,70.9,4,6.4,58,89,1161,47,745,6334,3378,136
"179","Real Madrid ","Éder Militão",4e+07,"DF",26,10,"La Liga",5567,1956,297,90.3,0,0,0,15,376,0,244,1145,609,7
"180","Real Sociedad ","Brais Méndez",3.5e+07,"MF",27,32,"La Liga",14889,4210,942,75.7,6,4.2,40,128,1559,40.7,884,4030,1902,45
"181","Real Sociedad ","Mikel Oyarzabal",3.5e+07,"FW",27,33,"La Liga",5041,979,373,73.6,3,1.7,21,39,728,34.5,376,1603,597,27
"182","Getafe CF ","Mason Greenwood",3.5e+07,"MF",23,33,"La Liga",13710,2684,777,75,6,4.6,36,89,1355,51.8,949,7176,3899,127
"183","Girona FC ","Artem Dovbyk",3e+07,"FW",27,36,"La Liga",3272,471,277,70.7,8,6.2,27,26,606,68,351,1294,449,18
"184","FC Barcelona ","João Félix",3e+07,"FW",25,30,"La Liga",7329,1372,538,81.1,3,3.1,19,68,929,32.6,613,3648,1930,69
"185","Valencia CF ","Cristhian Mosquera",3e+07,"DF",20,36,"La Liga",27551,8196,1454,88.3,0,0,1,77,1980,85.7,1111,5497,2731,14
"186","Athletic Club Bilbao ","Unai Simón",2.8e+07,"GK",27,36,"La Liga",23132,18785,728,59.3,0,0,1,0,1301,NA,697,3823,2165,0
"187","FC Barcelona ","Ferrán Torres",2.8e+07,"FW",24,29,"La Liga",5339,1196,351,78,2,2.7,26,44,583,41.7,338,1744,789,30
"188","Atlético Madrid ","Marcos Llorente",2.8e+07,"MF",29,37,"La Liga",13597,3643,974,79.9,4,5.6,26,106,1465,40.7,839,4122,2119,71
"189","Celta de Vigo ","Jørgen Strand Larsen",2.7e+07,"FW",24,37,"La Liga",5082,766,423,68.4,3,2.5,24,25,997,39.2,620,2546,975,33
"190","Real Sociedad ","Álex Remiro",2.5e+07,"GK",29,37,"La Liga",26777,19177,965,76.7,0,0,1,1,1353,NA,783,3944,1947,0
"191","Girona FC ","Miguel Gutiérrez",2.5e+07,"DF",23,35,"La Liga",24623,6547,1595,86,7,7.5,42,146,2182,39.7,1278,6954,3076,74
"192","Girona FC ","Yan Couto",2.5e+07,"DF",22,34,"La Liga",16640,4090,1057,78.1,8,4.2,27,97,1633,41,1035,8513,4769,151
"193","Villarreal ","Alexander Sørloth",2.5e+07,"FW",28,34,"La Liga",4827,666,357,75,6,4.4,34,40,797,41.7,474,3292,1104,48
"194","Atlético Madrid ","Jan Oblak",2.5e+07,"GK",31,38,"La Liga",20459,15035,773,75.4,0,0,0,0,1094,100,557,2965,1789,0
"195","Atlético Madrid ","Rodrigo De Paul",2.5e+07,"MF",30,34,"La Liga",21996,6879,1291,83.1,5,5,39,202,1768,50.9,1188,7372,3718,73
"196","Inter Milan ","Lautaro Martínez",1e+08,"FW",27,NA,"Serie A",8821,2104,604,77.2,3,3.6,36,80,1176,27.9,735,3228,1486,54
"197","Napoli ","Khvicha Kvaratskhelia",8.5e+07,"MF",23,NA,"Serie A",15513,2850,965,80.4,6,6.8,63,89,1642,45.9,1122,9297,4787,184
"198","Inter Milan ","Nicolò Barella",8e+07,"MF",27,NA,"Serie A",30143,9590,1835,84.6,3,3.4,42,278,2425,49.2,1556,7283,3389,68
"199","Napoli ","Victor Osimhen",7.5e+07,"FW",25,NA,"Serie A",2461,399,194,66.9,3,3.1,23,23,549,40,314,1769,761,34
"200","Inter Milan ","Alessandro Bastoni",7.5e+07,"DF",25,NA,"Serie A",32047,10473,1671,86.4,3,3.4,22,142,2127,52.6,1434,7294,4361,63
"201","Inter Milan ","Marcus Thuram",7.5e+07,"FW",27,NA,"Serie A",5687,1049,476,72.6,7,3.7,29,47,967,64.7,540,3480,1696,68
"202","AC Milan ","Rafael Leão",7.5e+07,"FW",25,NA,"Serie A",12177,3205,760,73.6,9,9.1,59,117,1351,50,937,7403,4060,160
"203","Inter Milan ","Federico Dimarco",6e+07,"DF",27,NA,"Serie A",17596,5513,1027,77.3,6,8.5,61,100,1538,33.3,841,3487,1924,51
"204","Juventus ","Gleison Bremer",6e+07,"DF",27,NA,"Serie A",34805,12857,1661,86.1,0,0.4,7,120,2304,76.9,1287,6500,3428,7
"205","Juventus ","Dušan Vlahović",6e+07,"FW",24,NA,"Serie A",5845,888,380,70.1,4,2.3,29,46,833,41.9,473,2013,840,36
"206","Atalanta ","Ademola Lookman",5.5e+07,"FW",27,NA,"Serie A",9115,2499,635,75.8,7,5.2,50,97,1109,44.8,699,4257,1972,72
"207","Atalanta ","Teun Koopmeiners",5e+07,"MF",26,NA,"Serie A",18824,6491,1092,77,5,5.9,60,169,1742,38,942,5359,2942,79
"208","Atalanta ","Éderson",5e+07,"MF",25,NA,"Serie A",25167,8622,1390,83.6,1,1.4,18,214,2027,52.4,1198,5502,2448,32
"209","AC Milan ","Theo Hernández",5e+07,"DF",27,NA,"Serie A",26200,9027,1717,86.1,4,4.3,44,166,2269,45.7,1467,9362,6104,116
"210","AC Milan ","Christian Pulisic",5e+07,"MF",26,NA,"Serie A",11830,2542,832,77.5,8,4.8,44,87,1389,38.5,995,7489,3876,131
"211","Atalanta ","Giorgio Scalvini",4.5e+07,"DF",20,NA,"Serie A",20712,7854,1272,81.3,3,1.1,11,116,1864,78.9,951,4341,2433,30
"212","Juventus ","Kenan Yıldız",4.5e+07,"MF",19,NA,"Serie A",3984,1191,284,81.4,0,1.1,18,40,461,57.5,311,2178,1175,32
"213","Torino ","Alessandro Buongiorno",4.5e+07,"DF",25,NA,"Serie A",17567,5255,1012,85.3,0,0.1,4,62,1539,0,740,3702,1363,14
"214","Bologna ","Riccardo Calafiori",4.5e+07,"DF",22,NA,"Serie A",28565,8660,1622,89.6,5,1.2,17,96,2103,61.9,1291,7277,4024,28
"215","Bologna ","Joshua Zirkzee",4.2e+07,"FW",23,NA,"Serie A",9106,1752,710,77.4,4,5.2,43,86,1374,40.6,814,4132,1772,53
"216","Inter Milan ","Hakan Çalhanoğlu",4e+07,"MF",30,NA,"Serie A",37372,11241,2045,88.3,3,4.7,52,186,2591,46.7,1604,7646,3868,45
"217","Juventus ","Andrea Cambiaso",4e+07,"DF",24,NA,"Serie A",16173,3526,1007,83.4,3,3.9,38,71,1449,42.6,857,5413,2832,87
"218","Inter Milan ","Benjamin Pavard",4e+07,"DF",28,NA,"Serie A",20701,6708,1180,90.2,2,1.4,10,89,1473,28.6,923,4411,2195,25
"219","Atalanta ","Charles De Ketelaere",3.8e+07,"MF",23,NA,"Serie A",8690,2346,565,72.3,8,6.1,49,126,1098,45.5,669,4241,2121,88
"220","Genoa ","Mateo Retegui",3.5e+07,"FW",25,NA,"Serie A",3135,410,265,64.3,2,0.7,11,17,685,38.9,393,1613,386,18
"221","Fiorentina ","Nicolás González",3.5e+07,"MF",26,NA,"Serie A",9935,2504,560,71,2,1.6,22,100,1097,38.2,684,3854,1664,53
"222","AC Milan ","Mike Maignan",3.5e+07,"GK",29,NA,"Serie A",25589,17105,1033,84.1,1,0.3,3,0,1285,100,873,4782,3225,0
"223","Inter Milan ","Davide Frattesi",3.2e+07,"MF",25,NA,"Serie A",3468,1047,235,78.1,3,1.9,10,37,428,33.3,250,1689,781,27
"224","Inter Milan ","Yann Aurel Bisseck",3e+07,"DF",23,NA,"Serie A",10225,2915,590,92,0,0.5,1,30,737,38.5,497,2911,1551,24
"225","Atalanta ","Gianluca Scamacca",3e+07,"FW",25,NA,"Serie A",5369,1076,293,67.5,6,3.9,33,41,655,48.4,448,2109,629,22
"226","Atalanta ","Isak Hien",3e+07,"MF",25,NA,"Serie A",8718,2621,417,88.3,1,0.1,1,24,572,60,256,997,442,0
"227","Atalanta ","Isak Hien",3e+07,"MF",25,NA,"Serie A",8718,2621,417,88.3,1,0.1,1,24,505,28.6,251,1373,682,8
"228","Atalanta ","Isak Hien",3e+07,"MF",25,NA,"Serie A",6945,2807,324,82.2,0,0,0,26,572,60,256,997,442,0
"229","Atalanta ","Isak Hien",3e+07,"MF",25,NA,"Serie A",6945,2807,324,82.2,0,0,0,26,505,28.6,251,1373,682,8
"230","Juventus ","Moise Kean",3e+07,"FW",24,NA,"Serie A",911,134,66,68.8,0,0.7,5,6,196,43.8,121,751,302,12
"231","Napoli ","Stanislav Lobotka",2.8e+07,"MF",29,NA,"Serie A",34504,8906,2081,91.4,1,1.3,23,188,2518,45.5,1449,6884,2731,29
"232","Juventus ","Manuel Locatelli",2.8e+07,"MF",26,NA,"Serie A",34595,11134,1703,85.7,4,1.4,26,232,2285,68.4,1262,5525,2702,21
"233","Lazio ","Mario Gila",2.8e+07,"DF",24,NA,"Serie A",21517,7790,1161,89.7,0,0.5,7,93,1486,60,875,4688,2725,21
"234","Torino ","Samuele Ricci",2.8e+07,"MF",23,NA,"Serie A",18378,4368,1121,85.6,2,2.3,26,122,1516,31,944,5327,2405,47
"235","AC Milan ","Pierre Kalulu",2.6e+07,"DF",24,NA,"Serie A",3921,1103,230,88.8,0,0.1,2,19,293,0,213,1128,527,6
"236","Genoa ","Radu Drăgușin",2.5e+07,"DF",22,NA,"Serie A",10460,3372,592,82.1,1,0.8,7,29,909,0,447,1898,922,6
"237","Fiorentina ","Nikola Milenković",2.5e+07,"DF",27,NA,"Serie A",27355,9362,1341,84.7,0,0.7,8,81,1810,66.7,1004,4636,2412,8
"238","Juventus ","Adrien Rabiot",2.5e+07,"MF",29,NA,"Serie A",14960,3691,996,82.2,3,4.1,26,120,1525,51.9,893,5580,2746,72
"239","Juventus ","Federico Gatti",2.5e+07,"DF",26,NA,"Serie A",21805,7166,1166,85.1,0,1.5,10,122,1640,40.9,963,5225,3233,52
"240","Lazio ","Nicolò Rovella",2.5e+07,"MF",22,NA,"Serie A",14115,3415,851,87.2,2,0.5,10,56,1157,55.6,575,3079,1311,21
"241","Bologna ","Dan Ndoye",2.5e+07,"FW",24,NA,"Serie A",6997,1298,467,77.6,1,1.8,22,36,872,36.6,593,4896,2713,88
"242","Roma ","Romelu Lukaku",2.5e+07,"FW",31,NA,"Serie A",5515,781,438,70.5,3,2.4,29,37,843,45.8,500,2060,1019,37
